address,calls_12mo,calls_total,district,community,owner,tows,tow_rate,vehicles_seen,vehicles_distinct,repeat_calls,median_gap_days,last_call,street,block,block_dwellings,lat,lon,block_doorways_calling
5285 SACKVILLE ST,27,76,7,HALIFAX,HRM,3,0.039473684210526314,73,72,75,9,2026-09-08,SACKVILLE ST,12090357,816,44.64598500614483,-63.57589200733927,7
1323 BIRMINGHAM ST,17,66,7,HALIFAX,HRM,2,0.030303030303030304,65,63,65,15,2026-09-06,BIRMINGHAM ST,12090854,373,44.64111170356563,-63.57572133641842,4
57 KING ST,18,21,5,DARTMOUTH,HRM,2,0.09523809523809523,20,19,20,12.5,2026-09-11,KING ST,12090570,609,44.66577600343618,-63.56744100748806,15
918 SOUTH BLAND ST,14,42,7,HALIFAX,HRM,3,0.07142857142857142,39,39,40,26,2026-08-20,SOUTH BLAND ST,12090291,289,44.63363700424992,-63.571950011225795,6
19 PORTLAND ST,13,38,5,DARTMOUTH,HRM,0,0.0,37,36,36,25,2026-07-27,PORTLAND ST,12090570,609,44.66466000164823,-63.56790901178485,15
6019 CHERRY ST,12,15,9,HALIFAX,HRM,0,0.0,15,12,14,5.0,2026-06-17,CHERRY ST,12090312,422,44.64497700693079,-63.58990500712125,5
20 DAWSON ST,12,12,5,DARTMOUTH,HRM,0,0.0,11,10,11,5,2026-05-01,DAWSON ST,12090203,177,44.66952000519771,-63.58131000732998,4
2680 GOTTINGEN ST,11,15,8,HALIFAX,HRM,0,0.0,14,14,14,15.5,2026-04-19,GOTTINGEN ST,12090348,78,44.658252002612244,-63.592780505362974,2
6070 ALMON ST,11,11,8,HALIFAX,PRIVATE,0,0.0,1,1,10,0.0,2025-11-05,ALMON ST,12090337,753,44.65631700422307,-63.59966100755221,8
5300 TOBIN ST,11,32,7,HALIFAX,HRM,2,0.0625,26,23,30,23,2026-08-23,TOBIN ST,12090297,515,44.63857897743793,-63.57271500753871,2
1325 HOLLIS ST,10,69,7,HALIFAX,HRM,0,0.0,68,64,68,14.0,2026-09-05,HOLLIS ST,12090853,1351,44.6426184596223,-63.57008894450196,3
6174 ALMON ST,10,13,8,HALIFAX,HRM,1,0.07692307692307693,11,11,11,23.0,2026-09-02,ALMON ST,12090337,753,44.6549670039617,-63.60144750512428,8
8A JOHN ST,9,11,5,DARTMOUTH,HRM,0,0.0,11,10,10,14.5,2026-06-09,JOHN ST,12090203,177,44.67051900452384,-63.581301006210836,4
70 OCHTERLONEY ST,9,64,5,DARTMOUTH,HRM,2,0.03125,63,60,63,16,2026-04-18,OCHTERLONEY ST,12090570,609,44.66706289216131,-63.56769019116475,15
54 HILDEN DR,8,12,11,HALIFAX,,0,0.0,10,8,10,39,2026-08-03,HILDEN DR,12090270,168,44.60222700392737,-63.61341751137108,2
2428 AGRICOLA ST,8,9,8,HALIFAX,HRM,0,0.0,8,8,7,11.5,2026-04-10,AGRICOLA ST,12090340,379,44.65323000433921,-63.59073751182778,8
22 EDWARD ST,8,50,5,DARTMOUTH,HRM,2,0.04,49,48,48,19,2026-08-04,EDWARD ST,12090175,514,44.66642652071229,-63.569555524886184,2
5658 ALMON ST,7,16,8,HALIFAX,HRM,0,0.0,14,14,13,22,2026-01-01,ALMON ST,12090355,678,44.658828003926715,-63.596502009989926,7
2499 ST MATTHIAS ST,7,15,9,HALIFAX,HRM,0,0.0,15,15,14,46.5,2026-08-14,ST MATTHIAS ST,12090876,254,44.6506560059795,-63.59691150701226,5
4 GLENWOOD AVE,7,9,6,DARTMOUTH,PRIVATE,0,0.0,8,8,8,18.5,2026-09-09,GLENWOOD AVE,12090165,217,44.67874500133735,-63.5509755081654,3
235 WILLETT ST,7,7,10,HALIFAX,HRM,0,0.0,6,6,6,7.5,2026-05-06,WILLETT ST,12090532,506,44.65791900243701,-63.65277450958756,1
1749 ARGYLE ST,7,40,7,HALIFAX,HRM,2,0.05,38,36,38,22,2026-04-15,ARGYLE ST,12090357,816,44.64745724560626,-63.57458295535761,7
3139 AGRICOLA ST,7,28,8,HALIFAX,HRM,2,0.07142857142857142,28,28,26,67,2026-09-02,AGRICOLA ST,12090852,235,44.6613759538794,-63.601726665582014,5
1244 ROBIE ST,7,14,7,HALIFAX,HRM,1,0.07142857142857142,13,13,11,22,2026-08-10,ROBIE ST,12090282,266,44.637300002789914,-63.585670510568086,3
34 CRAIGMORE DR,6,8,9,HALIFAX,HRM,0,0.0,7,7,6,26,2026-05-15,CRAIGMORE DR,12090249,387,44.64285300329345,-63.62402400976368,2
5270 TOBIN ST,6,28,7,HALIFAX,HRM,0,0.0,25,23,25,50,2026-09-09,TOBIN ST,12090297,515,44.63881160706609,-63.57187245517573,2
6170 WINDSOR TERR,6,18,8,HALIFAX,HRM,0,0.0,17,16,15,32,2026-03-11,WINDSOR TERR,12090337,753,44.65416600156087,-63.60003450908109,8
5733 MCCULLY ST,6,9,8,HALIFAX,HRM,0,0.0,9,9,7,121.0,2026-09-03,MCCULLY ST,12090350,228,44.65556100692629,-63.59517450661233,6
6019 FRASER ST,6,10,7,HALIFAX,HRM,0,0.0,10,10,9,19,2026-09-09,FRASER ST,12090281,250,44.63562600733047,-63.585009009159066,5
5530 BILBY ST,6,19,8,HALIFAX,HRM,0,0.0,18,18,18,18.0,2026-09-03,BILBY ST,12090355,678,44.66000700474851,-63.596101505103604,7
1872 GARDEN ST,6,7,9,HALIFAX,HRM,0,0.0,7,7,6,76.0,2026-08-04,GARDEN ST,12090313,354,44.64422100241708,-63.59391901218792,6
220 SPENCER AVE,6,7,11,HALIFAX,PRIVATE,0,0.0,6,4,6,6.5,2026-02-11,SPENCER AVE,12090265,400,44.61636600623095,-63.62048701011295,1
1325 LOWER WATER ST,6,6,7,HALIFAX,HRM,0,0.0,6,6,5,29,2026-03-04,LOWER WATER ST,12090853,1351,44.64265500646664,-63.56864700474031,3
1336 BIRMINGHAM ST,5,16,7,HALIFAX,HRM,0,0.0,16,16,13,88,2026-08-19,BIRMINGHAM ST,12090854,373,44.641267648327585,-63.57619663503531,4
5844 MACARA ST,5,17,8,HALIFAX,HRM,0,0.0,17,16,14,43.0,2026-04-20,MACARA ST,12090351,779,44.658522003940874,-63.59963401317791,9
52 IRISHTOWN RD,5,10,5,DARTMOUTH,HRM,0,0.0,10,10,7,67,2026-07-09,IRISHTOWN RD,12090570,609,44.66814323690484,-63.564016068177466,15
1565 SOUTH PARK ST,5,28,7,HALIFAX,HRM,0,0.0,27,26,27,42,2026-07-23,SOUTH PARK ST,12090856,569,44.643604864809646,-63.58017984585403,1
569 WASHMILL LAKE DR,5,8,12,HALIFAX,HRM,0,0.0,8,8,6,70,2026-06-30,WASHMILL LAKE DR,12091016,1058,44.64995400693425,-63.654588010517074,1
1329 BIRMINGHAM ST,5,14,7,HALIFAX,HRM,0,0.0,13,13,12,23,2026-08-17,BIRMINGHAM ST,12090854,373,44.641242004845225,-63.575770510197074,4
23 CHELSEA LANE,5,10,10,HALIFAX,HRM,0,0.0,10,8,8,12,2026-03-06,CHELSEA LANE,12090533,201,44.65666800144342,-63.65263951076665,4
6379 CORK ST,5,7,9,HALIFAX,HRM,0,0.0,7,7,6,88.5,2026-05-28,CORK ST,12090477,244,44.65422000573233,-63.60870600940197,4
2666 KING ST,5,7,8,HALIFAX,,0,0.0,5,5,6,66.5,2026-09-10,KING ST,12090337,753,44.65501200362476,-63.59691150701226,8
6120 CHARLES ST,5,5,8,HALIFAX,HRM,0,0.0,5,5,4,91.5,2026-08-27,CHARLES ST,12090878,248,44.652330002349856,-63.59505751002971,3
1883 SELDON ST,5,5,9,HALIFAX,HRM,0,0.0,5,5,4,41.0,2026-06-29,SELDON ST,12090327,267,44.64387900566041,-63.59826151318772,10
5644 MACARA ST,5,5,8,HALIFAX,HRM,0,0.0,5,4,4,12.5,2026-06-15,MACARA ST,12090351,779,44.65998900516004,-63.59772600948049,9
53 BRIGADIER CRT,5,5,16,HALIFAX,,0,0.0,4,3,4,18.0,2026-07-04,BRIGADIER CRT,12091022,921,44.699130007193446,-63.66801150886008,2
73 JOFFRE ST,5,5,5,DARTMOUTH,HRM,0,0.0,5,2,4,0.0,2026-08-31,JOFFRE ST,12090168,645,44.670024004535065,-63.549301506616374,1
1664 HENRY ST,5,34,7,HALIFAX,HRM,2,0.058823529411764705,26,23,33,21,2026-09-04,HENRY ST,12090332,293,44.6420970030579,-63.5903460080606,10
2503 AGRICOLA ST,6,8,8,HALIFAX,HRM,2,0.25,8,8,6,61,2026-07-24,AGRICOLA ST,12090340,379,44.65430100230989,-63.59183101305698,8
2404 CREIGHTON ST,5,9,8,HALIFAX,HRM,1,0.1111111111111111,8,8,8,80.0,2026-07-09,CREIGHTON ST,12090346,371,44.65554645023286,-63.590078283156444,5
1580 QUEEN ST,4,15,7,HALIFAX,HRM,0,0.0,13,13,12,101.0,2026-06-23,QUEEN ST,12090855,768,44.64425700498589,-63.578164511446445,6
32 HOWE ST,4,17,5,DARTMOUTH,HRM,0,0.0,17,16,14,9.0,2026-08-10,HOWE ST,12090562,274,44.67511847618903,-63.5872844148246,1
1596 CHESTNUT ST,4,9,7,HALIFAX,HRM,0,0.0,9,9,5,217.5,2026-04-27,CHESTNUT ST,12090330,254,44.639705887165974,-63.594138623325456,2
28 QUEEN ST,4,58,5,DARTMOUTH,HRM,0,0.0,58,58,57,21,2026-04-24,QUEEN ST,12090570,609,44.66549084917821,-63.56803825689637,15
6082 CHERRY ST,4,13,9,HALIFAX,HRM,0,0.0,13,13,11,187.5,2026-06-25,CHERRY ST,12090311,213,44.6442017963509,-63.591481837906,3
1670 HENRY ST,4,13,7,HALIFAX,HRM,0,0.0,13,12,11,124.0,2026-05-19,HENRY ST,12090332,293,44.64221545851018,-63.59045271893322,10
5690 MACARA ST,4,21,8,HALIFAX,HRM,0,0.0,21,21,18,14.5,2025-12-16,MACARA ST,12090351,779,44.65941300259976,-63.59839651200864,9
5737 MCCULLY ST,4,20,8,HALIFAX,HRM,0,0.0,19,19,17,33,2026-08-12,MCCULLY ST,12090350,228,44.65554300595767,-63.59532750826206,6
1546 QUEEN ST,4,11,7,HALIFAX,HRM,0,0.0,11,11,9,99.0,2026-04-29,QUEEN ST,12090855,768,44.6439797660947,-63.57703474522921,6
6016 PEPPERELL ST,4,18,9,HALIFAX,HRM,0,0.0,15,15,17,50,2026-06-30,PEPPERELL ST,12090312,422,44.64627300452915,-63.59047200576237,5
213 NADIA DR,4,5,5,DARTMOUTH,HRM,0,0.0,5,3,3,116.0,2026-08-26,NADIA DR,12090220,565,44.68370400431195,-63.59355901233776,3
6052 COMPTON AVE,4,5,8,HALIFAX,HRM,0,0.0,4,4,3,50.5,2026-08-10,COMPTON AVE,12090869,393,44.64981900245681,-63.593365506242385,7
2580 CREIGHTON ST,4,6,8,HALIFAX,HRM,0,0.0,6,6,5,13,2026-08-04,CREIGHTON ST,12090347,310,44.656380003552925,-63.59166000975947,2
1 MASTHEAD CRT,4,4,16,HALIFAX,,0,0.0,4,1,3,2,2025-11-23,MASTHEAD CRT,12090523,611,44.692974005231406,-63.68097601300861,2
117 PINECREST DR,4,4,5,DARTMOUTH,PRIVATE,0,0.0,4,2,3,15,2025-11-21,PINECREST DR,12090215,273,44.68498200681128,-63.58664250567194,4
22 DAWSON ST,4,4,5,DARTMOUTH,HRM,0,0.0,4,4,3,19,2025-12-31,DAWSON ST,12090203,177,44.66974050342951,-63.580997258863775,4
15 BEST ST,4,4,5,DARTMOUTH,HRM,0,0.0,4,4,3,18,2026-02-03,BEST ST,12090204,286,44.66799900469914,-63.579681011376685,2
641 OLD SACKVILLE RD,4,4,15,LOWER SACKVILLE,,0,0.0,3,3,3,0,2026-04-28,OLD SACKVILLE RD,12090634,446,44.76690900123529,-63.69215401060189,1
29 BRULE ST,4,4,5,DARTMOUTH,HRM,0,0.0,4,4,3,86,2026-08-18,BRULE ST,12090215,273,44.68418100395468,-63.58668751126768,4
101 WENTWORTH DR,4,4,10,HALIFAX,,0,0.0,4,2,3,2,2026-08-21,WENTWORTH DR,12090521,823,44.67685500532539,-63.66102301120739,1
HIGGINS AVE,4,4,12,BEECHVILLE,HRM,0,0.0,4,4,3,13,2026-07-17,HIGGINS AVE,12090655,654,44.639573012900456,-63.678404414827554,3
281 MAIN ST,4,4,6,DARTMOUTH,HRM,0,0.0,4,3,3,36,2026-08-11,MAIN ST,12090142,117,44.685675004293415,-63.52441651135951,1
22 BERTS DR,5,5,10,HALIFAX,,1,0.2,5,1,4,1.5,2026-07-08,BERTS DR,12090495,255,44.658990003265444,-63.63720450483915,1
2685 AGRICOLA ST,4,22,8,HALIFAX,HRM,1,0.045454545454545456,22,22,21,57,2026-08-09,AGRICOLA ST,12090350,228,44.65691397108526,-63.5951152717025,6
50 WENTWORTH ST,4,19,5,DARTMOUTH,HRM,1,0.05263157894736842,19,19,17,37.5,2026-07-17,WENTWORTH ST,12090175,514,44.667801004268824,-63.56747251140507,2
5556 CUNARD ST,4,11,8,HALIFAX,HRM,1,0.09090909090909091,11,11,8,66.5,2026-04-14,CUNARD ST,12090342,391,44.652618001183015,-63.58626001200706,3
5675 CUNARD ST,4,9,8,HALIFAX,HRM,1,0.1111111111111111,9,9,7,43.0,2026-07-16,CUNARD ST,12090342,391,44.65202400641604,-63.58762801143767,3
1340 QUEEN ST,4,16,7,HALIFAX,HRM,2,0.125,13,13,14,94,2026-06-15,QUEEN ST,12090854,373,44.64159253722843,-63.575304033036275,4
15 MONTGOMERY CRT,3,4,12,HALIFAX,,0,0.0,3,2,2,37,2026-06-27,MONTGOMERY CRT,12090970,363,44.67186000567074,-63.66927151084501,1
21 PARKHILL RD,3,4,11,HALIFAX,HRM,0,0.0,4,4,2,153,2026-02-21,PARKHILL RD,12090730,146,44.6253309156302,-63.59900850726234,2
2455 GLADSTONE ST,3,6,8,HALIFAX,HRM,0,0.0,6,5,3,241,2026-03-03,GLADSTONE ST,12090877,293,44.65285177591667,-63.59683155246037,1
1567 LEMARCHANT ST,3,5,7,HALIFAX,HRM,0,0.0,5,5,2,387.0,2025-11-06,LEMARCHANT ST,12090332,293,44.6403600014923,-63.59149800758112,10
6056 QUINPOOL RD,3,14,9,HALIFAX,HRM,0,0.0,13,13,11,119,2026-04-18,QUINPOOL RD,12090312,422,44.646697608122764,-63.592042624696916,5
1378 ROBIE ST,3,14,7,HALIFAX,HRM,0,0.0,10,9,11,68,2026-09-11,ROBIE ST,12090282,266,44.63955893797731,-63.58675926869258,3
6201 SHIRLEY ST,3,9,9,HALIFAX,HRM,0,0.0,9,9,5,188.0,2026-06-04,SHIRLEY ST,12090313,354,44.64461300291006,-63.59532917853797,6
6035 CHERRY ST,3,9,9,HALIFAX,,0,0.0,4,4,6,74.5,2026-07-21,CHERRY ST,12090312,422,44.644878005835125,-63.59035950973932,5
2432 AGRICOLA ST,3,12,8,HALIFAX,HRM,0,0.0,11,10,10,176,2026-06-25,AGRICOLA ST,12090340,379,44.65330200466181,-63.590832005612526,8
2398 CREIGHTON ST,3,5,8,HALIFAX,HRM,0,0.0,3,3,2,284.0,2026-06-25,CREIGHTON ST,12090346,371,44.65412100124132,-63.58838400663143,5
6258 YALE ST,3,6,9,HALIFAX,HRM,0,0.0,6,6,4,129,2026-05-05,YALE ST,12090871,291,44.64589500555758,-63.59753251236826,3
6071 WELSFORD ST,3,6,8,HALIFAX,HRM,0,0.0,6,6,4,240,2026-09-09,WELSFORD ST,12090869,393,44.64873028291183,-63.592856466903406,7
75 COLLINS GRV,3,4,6,DARTMOUTH,HRM,0,0.0,4,4,2,1,2026-04-19,COLLINS GRV,12090153,303,44.67111300148531,-63.51460651319684,1
1474 BRENTON ST,3,15,7,HALIFAX,HRM,0,0.0,13,13,13,65.0,2026-04-13,BRENTON ST,12090855,768,44.641971005256664,-63.57871350784925,6
2008 MAYNARD ST,3,4,8,HALIFAX,,0,0.0,4,4,2,7,2026-06-26,MAYNARD ST,12090358,350,44.65004400122368,-63.583785009668524,5
1524 LEMARCHANT ST,3,10,7,HALIFAX,,0,0.0,6,6,8,112,2026-04-14,LEMARCHANT ST,12090332,293,44.63946000433825,-63.59151150925984,10
2690 AGRICOLA ST,3,7,8,HALIFAX,HRM,0,0.0,7,7,4,151.0,2026-06-28,AGRICOLA ST,12090350,228,44.65674000388756,-63.5956110069921,6
36 CORONATION AVE,3,7,10,HALIFAX,HRM,0,0.0,6,6,5,188.0,2026-05-09,CORONATION AVE,12090496,521,44.65671300617649,-63.63494101083429,1
614 COLBY DR,3,9,4,COLE HARBOUR,HRM,0,0.0,8,8,7,182.0,2026-08-02,COLBY DR,12090780,226,44.666736369812355,-63.49164956305142,1
977 YOUNG AVE,3,5,7,HALIFAX,HRM,0,0.0,5,5,2,255.5,2026-02-11,YOUNG AVE,12090291,289,44.633925006400375,-63.57525300872813,6
3644 DUTCH VILLAGE RD,3,7,10,HALIFAX,,0,0.0,6,6,5,177.0,2026-09-03,DUTCH VILLAGE RD,12090500,374,44.659056028425226,-63.63182391069687,3
5760 INGLIS ST,3,7,7,HALIFAX,HRM,0,0.0,6,6,5,183.0,2026-03-25,INGLIS ST,12090292,140,44.633691001965275,-63.57743551062696,2
5674 FENWICK ST,3,4,7,HALIFAX,HRM,0,0.0,4,3,2,196,2026-05-14,FENWICK ST,12090863,369,44.637147006928416,-63.57655350874829,3
79 CENTRAL AVE,3,4,10,HALIFAX,,0,0.0,1,1,2,112,2026-06-26,CENTRAL AVE,12090487,332,44.65132200475702,-63.640206009765784,2
6240 PEPPERELL ST,3,4,9,HALIFAX,HRM,0,0.0,4,3,2,40,2026-08-17,PEPPERELL ST,12090313,354,44.64462600352189,-63.5964300100199,6
31 DUNDAS ST,3,5,5,DARTMOUTH,HRM,0,0.0,5,5,3,230.0,2026-07-25,DUNDAS ST,12090570,609,44.667054005268,-63.56597400472997,15
3121 RALSTON AVE,3,4,9,HALIFAX,PRIVATE,0,0.0,4,4,2,136,2026-06-06,RALSTON AVE,12090962,317,44.649927006063905,-63.624622512321814,1
29 ERSKINE ST,3,4,5,DARTMOUTH,HRM,0,0.0,4,4,2,188,2026-03-25,ERSKINE ST,12090171,269,44.67047400411877,-63.56002501057474,1
1975 VERNON ST,3,5,9,HALIFAX,HRM,0,0.0,5,5,3,195.5,2026-02-27,VERNON ST,12090312,422,44.64594000586865,-63.59290651204789,5
5665 MACARA ST,3,5,8,HALIFAX,HRM,0,0.0,5,5,4,98.0,2025-12-10,MACARA ST,12090351,779,44.65991700675036,-63.59837400921077,9
5268 HARVEY ST,3,4,7,HALIFAX,HRM,0,0.0,4,4,2,53,2026-01-28,HARVEY ST,12090572,1226,44.64017100222529,-63.57252151042648,1
2500 CREIGHTON ST,3,5,8,HALIFAX,HRM,0,0.0,5,5,3,92.5,2026-02-17,CREIGHTON ST,12090346,371,44.655570004213445,-63.590485507441095,5
6226 WILLOW ST,3,5,9,HALIFAX,HRM,0,0.0,5,5,4,166.0,2026-02-26,WILLOW ST,12090876,254,44.65128600657309,-63.597937508831,5
1293 SOUTH PARK ST,3,6,7,HALIFAX,HRM,0,0.0,6,6,5,90,2026-07-24,SOUTH PARK ST,12090965,764,44.63983800688871,-63.57816001088686,1
36 WENTWORTH ST,3,4,5,DARTMOUTH,HRM,0,0.0,3,3,2,65,2026-06-25,WENTWORTH ST,12090570,609,44.66700900217273,-63.56700900766786,15
93 EXECUTIVE DR,3,5,14,MIDDLE SACKVILLE,HRM,0,0.0,5,5,4,117.5,2026-08-31,EXECUTIVE DR,12090629,996,44.79221700722056,-63.71328150573835,1
12 CARVER ST,3,4,6,DARTMOUTH,HRM,0,0.0,4,3,3,153,2026-08-12,CARVER ST,12090787,226,44.672949006452825,-63.526009511819375,1
6183 ALLAN ST,3,5,9,HALIFAX,HRM,0,0.0,5,5,4,70.0,2026-08-15,ALLAN ST,12090869,393,44.64839700437605,-63.5958270069022,7
4 MAPLE ST,3,6,16,BEDFORD,HRM,0,0.0,6,5,5,4,2025-09-21,MAPLE ST,12090121,259,44.736390002055685,-63.64958850866785,1
957 YOUNG AVE,3,4,7,HALIFAX,PRIVATE,0,0.0,1,1,3,61,2026-01-20,YOUNG AVE,12090291,289,44.63370900332339,-63.575181008758086,6
6326 NORWOOD ST,3,3,9,HALIFAX,HRM,0,0.0,2,2,2,75.5,2026-02-17,NORWOOD ST,12090327,267,44.64311400679381,-63.5976450083913,10
217 WYSE RD,3,3,5,DARTMOUTH,PRIVATE,0,0.0,3,3,2,41.5,2025-12-11,WYSE RD,12090206,217,44.674074002771675,-63.58492800806989,2
23 BROCK ST,3,3,3,DARTMOUTH,HRM,0,0.0,3,3,2,156.0,2026-08-01,BROCK ST,12090362,272,44.65980900257853,-63.54933751109295,1
18 DAWSON ST,3,3,5,DARTMOUTH,PRIVATE,0,0.0,3,2,2,78.0,2026-03-03,DAWSON ST,12090203,177,44.669448005847244,-63.58150350444221,4
914 SOUTH BLAND ST,3,3,7,HALIFAX,HRM,0,0.0,3,2,2,89.0,2026-04-04,SOUTH BLAND ST,12090291,289,44.6335470036843,-63.57187801125577,6
32 KING ST,3,3,5,DARTMOUTH,,0,0.0,3,3,2,27.5,2025-12-23,KING ST,12090570,609,44.66525400115236,-63.56588401150479,15
6324 PEPPERELL ST,3,3,9,HALIFAX,HRM,0,0.0,3,3,2,108.5,2026-06-22,PEPPERELL ST,12090327,267,44.64425700498589,-63.598063506532775,10
6141 ALLAN ST,3,3,9,HALIFAX,HRM,0,0.0,3,3,2,96.5,2026-06-30,ALLAN ST,12090869,393,44.648694001920745,-63.594846010679184,7
10 ROSEDALE AVE,4,4,10,HALIFAX,PRIVATE,1,0.25,4,2,3,1,2026-03-01,ROSEDALE AVE,12090498,216,44.65495800658098,-63.63310050654731,1
29 BARRENS ST,3,3,16,BEDFORD,HRM,0,0.0,2,2,2,6.5,2026-02-17,BARRENS ST,12090115,525,44.7289830024732,-63.66980250699174,1
11 ALMA CRES,3,3,10,HALIFAX,,0,0.0,2,2,2,53.5,2026-06-15,ALMA CRES,12090500,374,44.65958400335805,-63.631786504848435,3
5826 FAYS LANE,3,3,7,HALIFAX,,0,0.0,0,0,2,34.5,2026-05-28,FAYS LANE,12090293,223,44.626464002849644,-63.57570301078662,3
6130 PEPPERELL ST,3,3,9,HALIFAX,,0,0.0,2,1,2,0.5,2026-04-16,PEPPERELL ST,12090313,354,44.64553500181228,-63.59354101009946,6
5829 FAYS LANE,3,3,7,HALIFAX,HRM,0,0.0,2,2,2,12.5,2026-06-03,FAYS LANE,12090293,223,44.626770005746124,-63.57607651231551,3
22 RAYMOOR DR,3,3,6,DARTMOUTH,PRIVATE,0,0.0,3,2,2,8.0,2026-05-30,RAYMOOR DR,12090139,138,44.6856480072839,-63.53375400466583,1
185 OCEANVIEW DR,3,3,16,BEDFORD,HRM,0,0.0,3,2,2,3.0,2026-06-23,OCEANVIEW DR,12091012,1253,44.70695100603862,-63.685606504905394,2
275 PORTLAND ST,3,3,5,DARTMOUTH,HRM,0,0.0,3,1,2,0.0,2026-07-04,PORTLAND ST,12090170,193,44.66937600640739,-63.55777500926545,1
1882 SELDON ST,3,3,9,HALIFAX,HRM,0,0.0,3,3,2,10.5,2026-07-29,SELDON ST,12090327,267,44.64369000507406,-63.59874301018008,10
5649 CABOT ST,3,3,8,HALIFAX,,0,0.0,3,3,2,15.5,2026-08-30,CABOT ST,12090851,279,44.665326004179946,-63.606028508853974,1
5523 FALKLAND ST,3,26,8,HALIFAX,HRM,1,0.038461538461538464,25,23,25,91,2026-08-13,FALKLAND ST,12090357,816,44.651281731268,-63.58323549224285,7
6036 SOUTH ST,3,18,7,HALIFAX,HRM,1,0.05555555555555555,18,18,16,80,2026-09-09,SOUTH ST,12090281,250,44.63611956411499,-63.58572849681559,5
1646 HENRY ST,3,10,7,HALIFAX,HRM,1,0.1,10,9,9,44,2026-09-04,HENRY ST,12090332,293,44.64175654694847,-63.5902023584635,10
2331 CREIGHTON ST,3,8,8,HALIFAX,HRM,1,0.125,8,8,6,159,2026-08-09,CREIGHTON ST,12090343,937,44.65332548286966,-63.58670460620753,4
5233 PRINCE ST,3,7,7,HALIFAX,HRM,1,0.14285714285714285,7,7,5,172.0,2026-06-10,PRINCE ST,12090357,816,44.64709200450261,-63.575059511615905,7
13 LASALLE CRT,3,7,16,BEDFORD,HRM,1,0.14285714285714285,5,5,6,39.5,2026-04-18,LASALLE CRT,12091018,2774,44.722062005470804,-63.705870009384604,5
6148 PEPPERELL ST,3,6,9,HALIFAX,HRM,1,0.16666666666666666,6,6,3,85,2026-05-03,PEPPERELL ST,12090313,354,44.64539829656657,-63.594040864164654,6
6089 COBURG RD,3,24,7,HALIFAX,HRM,4,0.16666666666666666,24,23,22,10,2025-09-26,COBURG RD,12090332,293,44.63967600518407,-63.58919850909966,10
1243 HENRY ST,3,5,7,HALIFAX,HRM,1,0.2,5,5,2,311.0,2026-03-11,HENRY ST,12090282,266,44.63667900392278,-63.587169008260034,3
1545 BIRMINGHAM ST,3,5,7,HALIFAX,,1,0.2,4,4,3,271.0,2026-09-10,BIRMINGHAM ST,12090855,768,44.64396000389709,-63.577233012395595,6
1114 WELLINGTON ST,4,5,7,HALIFAX,,2,0.4,5,4,4,27.0,2025-12-10,WELLINGTON ST,12090868,637,44.635941007002884,-63.580423504891726,1
1881 BRUNSWICK ST,3,9,7,HALIFAX,HRM,2,0.2222222222222222,9,9,6,104.0,2025-11-29,BRUNSWICK ST,12090359,703,44.64917425508298,-63.577689679953494,1
5683 HARRIS ST,3,4,8,HALIFAX,HRM,1,0.25,4,4,2,97,2026-05-05,HARRIS ST,12090340,379,44.6529870033892,-63.58934250903972,8
6373 CORK ST,3,4,9,HALIFAX,HRM,1,0.25,3,3,2,22,2025-11-07,CORK ST,12090477,244,44.654319003664085,-63.608566510021475,4
43 ROSEHURST CL,3,4,12,HALIFAX,PRIVATE,1,0.25,4,3,3,24,2026-02-14,ROSEHURST CL,12090580,777,44.66461500308347,-63.673371010559485,3
8 DAWN ST,3,4,10,HALIFAX,HRM,1,0.25,4,4,3,229,2026-08-29,DAWN ST,12090494,214,44.660160004219534,-63.63655200454929,1
2631 KING ST,3,4,8,HALIFAX,,1,0.25,3,3,3,0,2026-01-23,KING ST,12090337,753,44.65485900334994,-63.59600701131886,8
4 BRIGHTWOOD AVE,2,11,5,DARTMOUTH,HRM,0,0.0,11,10,8,132.0,2026-03-05,BRIGHTWOOD AVE,12090176,232,44.67242030359745,-63.571537100605404,1
5663 WEST ST,2,6,8,HALIFAX,HRM,0,0.0,6,6,3,335,2026-02-13,WEST ST,12090340,379,44.65361617348012,-63.58986939341182,8
6057 FRASER ST,2,7,7,HALIFAX,HRM,0,0.0,7,7,4,261.5,2026-09-04,FRASER ST,12090281,250,44.63539870892771,-63.58602539002112,5
6296 YALE ST,2,6,9,HALIFAX,HRM,0,0.0,6,6,3,176,2026-05-25,YALE ST,12090871,291,44.64560404616344,-63.59853978431332,3
6267 ALMON ST,2,4,9,HALIFAX,HRM,0,0.0,4,4,2,145,2026-03-10,ALMON ST,12090336,265,44.653833447608264,-63.603639358485225,1
2285 GOTTINGEN ST,2,3,8,HALIFAX,HRM,0,0.0,3,3,1,1139.5,2026-06-04,GOTTINGEN ST,12090344,172,44.65419300684803,-63.585828012186866,1
4 FAIRBANKS ST,2,4,5,DARTMOUTH,HRM,0,0.0,4,4,2,262,2026-03-18,FAIRBANKS ST,12090204,286,44.666890408863864,-63.57580064418329,2
5750 SPRING GARDEN RD,2,12,7,HALIFAX,HRM,0,0.0,12,11,10,58,2025-11-15,SPRING GARDEN RD,12090858,486,44.64172285021144,-63.58096575494675,1
6129 JUBILEE RD,2,6,9,HALIFAX,,0,0.0,3,3,3,152,2026-05-28,JUBILEE RD,12090311,213,44.64277200351117,-63.59209651013925,3
6160 WILLOW ST,2,8,8,HALIFAX,HRM,0,0.0,8,8,6,289,2026-08-15,WILLOW ST,12090876,254,44.65222286273804,-63.59665574766767,5
21 CHADWICK ST,2,4,3,DARTMOUTH,HRM,0,0.0,4,4,1,416,2026-05-21,CHADWICK ST,12090370,360,44.65853883145809,-63.5489362695881,1
213 WINDMILL RD,2,6,5,DARTMOUTH,HRM,0,0.0,6,6,4,182,2026-01-16,WINDMILL RD,12090205,757,44.67155400419685,-63.58738050761056,2
5687 VICTORIA RD,2,5,7,HALIFAX,HRM,0,0.0,4,4,2,518.0,2026-02-21,VICTORIA RD,12090863,369,44.63604351992092,-63.57639052740627,3
5536 KAYE ST,2,15,8,HALIFAX,HRM,0,0.0,15,13,12,65.5,2026-07-22,KAYE ST,12090351,779,44.66174400583577,-63.598905012358436,9
5674 BILBY ST,2,10,8,HALIFAX,HRM,0,0.0,10,10,6,196,2026-07-10,BILBY ST,12090355,678,44.65905713384919,-63.59755343413123,7
1680 HENRY ST,2,5,7,HALIFAX,HRM,0,0.0,5,5,2,452.0,2026-08-31,HENRY ST,12090332,293,44.64243139157372,-63.59055774995625,10
5647 MORRIS ST,2,11,7,HALIFAX,HRM,0,0.0,10,10,9,119.0,2026-01-13,MORRIS ST,12090855,768,44.6403877226966,-63.5772316200069,6
3143 AGRICOLA ST,2,9,8,HALIFAX,HRM,0,0.0,9,9,7,195.0,2026-05-26,AGRICOLA ST,12090852,235,44.66144319032168,-63.60180759480597,5
3080 AGRICOLA ST,2,4,8,HALIFAX,HRM,0,0.0,4,4,1,902,2026-08-10,AGRICOLA ST,12090351,779,44.6602844737357,-63.60064588898881,9
1553 VERNON ST,2,5,7,HALIFAX,HRM,0,0.0,5,5,2,405.5,2026-02-04,VERNON ST,12090332,293,44.64004620190508,-63.59018912627936,10
5556 MACARA ST,2,23,8,HALIFAX,HRM,0,0.0,23,23,22,62.5,2026-02-18,MACARA ST,12090351,779,44.6602588322705,-63.597351942012956,9
5214 GERRISH ST,2,10,8,HALIFAX,HRM,0,0.0,9,8,7,94,2026-07-24,GERRISH ST,12090343,937,44.655978682784735,-63.584688409417275,4
1335 HOLLIS ST,2,17,7,HALIFAX,HRM,0,0.0,16,16,15,57.0,2026-07-18,HOLLIS ST,12090853,1351,44.64277839503916,-63.57016831065734,3
110 FREDERICK AVE,2,7,10,HALIFAX,HRM,0,0.0,7,7,4,261.5,2026-05-05,FREDERICK AVE,12090487,332,44.65216161947296,-63.641235982138085,2
5666 ALMON ST,2,7,8,HALIFAX,HRM,0,0.0,7,7,4,286.0,2026-06-30,ALMON ST,12090355,678,44.65860002325999,-63.59664885758944,7
6034 CEDAR ST,2,4,9,HALIFAX,HRM,0,0.0,4,4,2,298,2026-08-31,CEDAR ST,12090311,213,44.64411280603092,-63.58988778192569,3
5571 COGSWELL ST,2,8,8,HALIFAX,HRM,0,0.0,8,8,5,133,2026-05-17,COGSWELL ST,12090358,350,44.65013412957853,-63.583097906273906,5
6371 NORWOOD ST,2,4,9,HALIFAX,HRM,0,0.0,4,4,1,534,2026-05-23,NORWOOD ST,12090327,267,44.64304344149808,-63.59892679650408,10
5716 WILLOW ST,2,6,8,HALIFAX,HRM,0,0.0,6,6,2,367,2026-08-29,WILLOW ST,12090347,310,44.65467223677379,-63.593195796518884,2
16 VICTORIA RD,2,5,5,DARTMOUTH,HRM,0,0.0,4,4,2,318.0,2026-05-27,VICTORIA RD,12090570,609,44.66821500149325,-63.565537513333354,15
5557 BLACK ST,2,7,8,HALIFAX,HRM,0,0.0,7,7,5,220.0,2025-12-10,BLACK ST,12090349,206,44.657737785742,-63.59401807839746,3
5661 VICTORIA RD,2,4,7,HALIFAX,HRM,0,0.0,3,3,2,176,2026-02-08,VICTORIA RD,12090863,369,44.63629200608477,-63.57569851022704,3
2574 ELM ST,2,4,9,HALIFAX,HRM,0,0.0,4,4,2,147,2026-03-28,ELM ST,12090874,223,44.64742666780052,-63.605182794399276,2
45 WOODHAVEN CL,2,3,3,DARTMOUTH,HRM,0,0.0,2,2,1,740.5,2026-02-23,WOODHAVEN CL,12090783,641,44.66659500272354,-63.50707801127732,1
2779 PACIFIC ST,2,7,8,HALIFAX,HRM,0,0.0,7,7,4,118.5,2025-11-25,PACIFIC ST,12090337,753,44.65476000634004,-63.60133500910124,8
17 MYRTLE ST,2,5,5,DARTMOUTH,HRM,0,0.0,4,4,2,301.0,2026-06-16,MYRTLE ST,12090172,386,44.67105441977981,-63.566488712438385,1
108 OCHTERLONEY ST,2,5,5,DARTMOUTH,HRM,0,0.0,5,5,3,276.5,2026-09-11,OCHTERLONEY ST,12090570,609,44.668440005549996,-63.5658660092665,15
2662 KING ST,2,4,8,HALIFAX,HRM,0,0.0,4,4,2,48,2026-01-21,KING ST,12090337,753,44.6548789215892,-63.59692899271926,8
1581 LARCH ST,2,3,7,HALIFAX,HRM,0,0.0,3,3,1,570.0,2025-10-29,LARCH ST,12090330,254,44.6395410023527,-63.59606550961016,2
89 STATES LANE,2,5,12,BEECHVILLE,HRM,0,0.0,5,5,2,297.5,2026-06-19,STATES LANE,12090999,465,44.63193842539448,-63.68240810723475,1
PUBLIC GARDENS,2,7,7,HALIFAX,HRM,0,0.0,7,7,6,200.5,2026-06-11,PUBLIC GARDENS,12090934,335,44.64292435178098,-63.582152088077436,4
6289 LAWRENCE ST,2,3,9,HALIFAX,HRM,0,0.0,3,3,1,593.5,2026-05-07,LAWRENCE ST,12090872,217,44.648181004044545,-63.5994810121187,4
5686 WOODILL ST,2,4,8,HALIFAX,HRM,0,0.0,4,4,2,332,2026-07-25,WOODILL ST,12090342,391,44.65222200369848,-63.588348009994796,3
1544 HENRY ST,2,3,7,HALIFAX,HRM,0,0.0,3,3,1,599.0,2026-09-11,HENRY ST,12090332,293,44.640216006976544,-63.589347009599294,10
5838 COGSWELL ST,2,3,7,HALIFAX,HRM,0,0.0,3,3,1,544.0,2026-06-30,COGSWELL ST,12090934,335,44.647641006087724,-63.588694509309434,4
247 SPENCER AVE,2,3,11,HALIFAX,PRIVATE,0,0.0,3,3,1,545.5,2026-07-19,SPENCER AVE,12090264,433,44.6169600016147,-63.619920011471855,3
5685 BILBY ST,2,4,8,HALIFAX,HRM,0,0.0,4,3,2,69,2025-10-24,BILBY ST,12090351,779,44.65911816855575,-63.59803659300685,9
2023 MAYNARD ST,2,7,8,HALIFAX,HRM,0,0.0,7,6,5,56.5,2026-06-28,MAYNARD ST,12090358,350,44.65039117004591,-63.58373741692476,5
72 PINECREST DR,2,5,5,DARTMOUTH,HRM,0,0.0,4,4,3,53.5,2025-11-09,PINECREST DR,12090196,357,44.68504572864117,-63.58240664367953,1
9 LOVELL LANE,2,4,11,HALIFAX,HRM,0,0.0,3,2,1,367,2026-07-03,LOVELL LANE,12090264,433,44.61660000378137,-63.616702506635114,3
6380 LIVERPOOL ST,2,8,9,HALIFAX,HRM,0,0.0,7,7,7,152,2026-05-31,LIVERPOOL ST,12090477,244,44.653446005038916,-63.60768000758323,4
36 BOSUN RUN,2,4,,HALIFAX,PRIVATE,0,0.0,3,3,2,49,2026-03-31,BOSUN RUN,12091022,921,44.69725664003376,-63.6708097250379,2
3601 ROBIE ST,2,8,,HALIFAX,HRM,0,0.0,4,4,7,41,2026-03-29,ROBIE ST,12090227,216,44.6663970038862,-63.611833512030366,2
229 SPENCER AVE,2,3,11,HALIFAX,,0,0.0,2,2,1,380.5,2026-05-20,SPENCER AVE,12090264,433,44.61660000378137,-63.619929012590994,3
6020 FRASER ST,2,4,7,HALIFAX,HRM,0,0.0,4,4,2,168,2026-07-08,FRASER ST,12090281,250,44.63530200551821,-63.58491000583159,5
215 WINDMILL RD,2,8,5,DARTMOUTH,HRM,0,0.0,8,4,7,67,2026-01-22,WINDMILL RD,12090205,757,44.67159900376333,-63.58750650531232,2
6263 ALLAN ST,2,3,9,HALIFAX,HRM,0,0.0,3,3,1,377.0,2026-06-14,ALLAN ST,12090871,291,44.64763200117943,-63.59887800900099,3
24 SYMONDS ST,2,4,5,DARTMOUTH,HRM,0,0.0,2,2,2,111,2025-11-29,SYMONDS ST,12090201,319,44.67588300180526,-63.58397850678075,1
22 SYLVIA AVE,2,3,11,HALIFAX,HRM,0,0.0,3,3,1,409.5,2026-09-05,SYLVIA AVE,12090897,843,44.60525100417729,-63.609628508854506,1
91 METROPOLITAN AVE,2,3,15,LOWER SACKVILLE,HRM,0,0.0,3,3,1,354.0,2026-05-29,METROPOLITAN AVE,12090707,215,44.7790590016086,-63.672988507911455,1
6240 WILLOW ST,2,4,9,HALIFAX,HRM,0,0.0,4,4,2,36,2025-12-19,WILLOW ST,12090876,254,44.65109861179596,-63.59820401202637,5
3132 AGRICOLA ST,2,5,8,HALIFAX,HRM,0,0.0,5,5,4,150.5,2026-02-26,AGRICOLA ST,12090852,235,44.660961006887874,-63.60191550942107,5
3580 ACADIA ST,2,4,8,HALIFAX,HRM,0,0.0,4,4,3,207,2026-08-23,ACADIA ST,12090226,210,44.669457007368095,-63.606568513098864,1
1658 MARKET ST,2,3,7,HALIFAX,HRM,0,0.0,3,3,1,267.0,2026-03-13,MARKET ST,12090357,816,44.646093004108735,-63.57585601184584,7
10 SPRINGVALE AVE,2,3,9,HALIFAX,HRM,0,0.0,3,3,2,194.0,2025-10-22,SPRINGVALE AVE,12090249,387,44.6466240050207,-63.630499506507,2
6042 COMPTON AVE,2,6,8,HALIFAX,HRM,0,0.0,6,6,5,98,2026-08-28,COMPTON AVE,12090869,393,44.64990000518097,-63.59300100583265,7
12 MCFATRIDGE RD,2,3,10,HALIFAX,,0,0.0,2,2,1,238.0,2026-02-23,MCFATRIDGE RD,12090500,374,44.66068200125562,-63.63040501272225,3
5553 NORTH ST,2,3,8,HALIFAX,HRM,0,0.0,3,3,1,213.5,2026-01-24,NORTH ST,12090349,206,44.656749000991795,-63.59216851010927,3
6251 SHIRLEY ST,2,6,9,HALIFAX,HRM,0,0.0,6,6,5,104,2026-02-26,SHIRLEY ST,12090313,354,44.64427500306624,-63.596614506012976,6
5570 NORA BERNARD ST,2,8,8,HALIFAX,HRM,0,0.0,8,8,7,81,2026-05-26,NORA BERNARD ST,12090358,350,44.65150200173207,-63.5850990113674,5
45 ALBRO LAKE RD,2,3,5,DARTMOUTH,HRM,0,0.0,2,2,2,182.0,2025-12-29,ALBRO LAKE RD,12090211,178,44.67738600562589,-63.5870385099987,2
70 GARY MARTIN DR,2,4,16,BEDFORD,HRM,0,0.0,3,3,3,84,2026-01-11,GARY MARTIN DR,12091018,2774,44.72425800626837,-63.703422010403514,5
1585 VERNON ST,2,3,7,HALIFAX,HRM,0,0.0,3,3,1,273.0,2026-08-01,VERNON ST,12090332,293,44.64067500103312,-63.59051251079853,10
5261 KAYE ST,2,4,8,HALIFAX,HRM,0,0.0,4,4,3,188,2026-06-25,KAYE ST,12090355,678,44.664066002446816,-63.59516100493361,7
6241 CHARLES ST,2,4,9,HALIFAX,HRM,0,0.0,3,3,3,189,2026-08-28,CHARLES ST,12090876,254,44.650881001499386,-63.59773051004005,5
2710 AGRICOLA ST,2,4,8,HALIFAX,HRM,0,0.0,4,3,3,185,2026-09-10,AGRICOLA ST,12090350,228,44.657028006380045,-63.595993509640124,6
10 ELIZABETH DOANE DR,2,6,16,BEDFORD,HRM,0,0.0,6,6,5,21,2026-04-13,ELIZABETH DOANE DR,12091017,805,44.706744002526335,-63.71361451121422,1
17 COVINGTON WAY,2,3,10,HALIFAX,,0,0.0,1,1,2,80.0,2025-12-10,COVINGTON WAY,12090533,201,44.6562540048248,-63.65370150807883,4
2636 OXFORD ST,2,3,9,HALIFAX,,0,0.0,2,1,2,134.0,2026-04-10,OXFORD ST,12090334,318,44.64950400143866,-63.6035310126788,1
15 KINGS WHARF PL,2,3,5,DARTMOUTH,HRM,0,0.0,3,3,2,178.0,2026-07-09,KINGS WHARF PL,12090366,718,44.66440800156869,-63.56418750715789,1
3196 STANFORD ST,2,4,9,HALIFAX,HRM,0,0.0,4,3,3,21,2025-09-29,STANFORD ST,12090241,204,44.65089900391516,-63.629838005097994,2
35 STOCKTON RG,2,4,16,BEDFORD,HRM,0,0.0,4,4,3,11,2025-10-14,STOCKTON RG,12091012,1253,44.705565001161915,-63.681403512269235,2
64 PRINCE ST,2,3,15,LOWER SACKVILLE,HRM,0,0.0,3,3,2,160.5,2026-07-02,PRINCE ST,12090617,224,44.76559500515904,-63.67185001006966,1
17A MARILYN DR,2,3,3,DARTMOUTH,HRM,0,0.0,3,3,2,158.5,2026-06-29,MARILYN DR,12090406,549,44.66628900539695,-63.53706151171088,2
9 ROSEDALE DR,2,3,5,DARTMOUTH,,0,0.0,3,3,2,25.0,2025-10-08,ROSEDALE DR,12090206,217,44.673633006459454,-63.584716508719374,2
25 RIVER RD,2,4,11,HALIFAX,,0,0.0,4,3,3,42,2026-03-18,RIVER RD,12090896,329,44.60767200350293,-63.61375050786379,2
2641 NORTHWOOD TERR,2,3,8,HALIFAX,,0,0.0,3,3,2,159.0,2026-07-20,NORTHWOOD TERR,12090348,78,44.657478004615285,-63.59260951104862,2
HALIFAX CENTRAL COMMON POOL,2,2,7,,,0,0.0,1,1,1,0,2025-09-13,HALIFAX CENTRAL COMMON POOL,12090934,335,44.647669196746165,-63.588607246962724,4
61 KASSI LANE,2,2,3,DARTMOUTH,HRM,0,0.0,1,1,1,349,2026-08-28,KASSI LANE,12090407,388,44.65987200434192,-63.53383050701969,4
13 CHELSEA LANE,2,2,10,HALIFAX,PRIVATE,0,0.0,2,2,1,45,2025-11-07,CHELSEA LANE,12090533,201,44.65689300558947,-63.65250001138615,4
5719 MCCULLY ST,2,2,8,HALIFAX,PRIVATE,0,0.0,2,2,1,266,2026-06-17,MCCULLY ST,12090350,228,44.65575000567705,-63.594877507232766,6
6331 YORK ST,2,2,9,HALIFAX,PRIVATE,0,0.0,2,2,1,111,2026-01-15,YORK ST,12090327,267,44.64265500646664,-63.59782501280795,10
1867 SELDON ST,2,2,9,HALIFAX,HRM,0,0.0,2,2,1,176,2026-04-02,SELDON ST,12090327,267,44.643492004712414,-63.59814900818153,10
100 CAVENDISH DR,2,2,15,LOWER SACKVILLE,HRM,0,0.0,2,2,1,315,2026-08-20,CAVENDISH DR,12090706,186,44.77757400512502,-63.66238200951886,1
20 PRESTWICK CL,2,2,12,HALIFAX,HRM,0,0.0,2,2,1,14,2025-11-06,PRESTWICK CL,12090580,777,44.66139300100525,-63.67271400971005,3
2222 BRUNSWICK ST,2,2,8,HALIFAX,HRM,0,0.0,2,2,1,48,2025-12-12,BRUNSWICK ST,12090343,937,44.65342800341375,-63.58288050499198,4
11 CHELSEA LANE,2,2,10,HALIFAX,HRM,0,0.0,2,2,1,0,2025-10-29,CHELSEA LANE,12090533,201,44.657010005866766,-63.65244600467126,4
70 QUEEN ST,2,2,5,DARTMOUTH,,0,0.0,2,2,1,27,2025-12-03,QUEEN ST,12090570,609,44.66745900599801,-63.56570850764772,15
6285 CORK ST,2,2,9,HALIFAX,HRM,0,0.0,2,2,1,125,2026-03-15,CORK ST,12090476,340,44.655660002568766,-63.60685651297901,2
17 CLOVIS AVE,2,2,11,HALIFAX,HRM,0,0.0,2,2,1,0,2025-11-24,CLOVIS AVE,12090263,396,44.61826500142746,-63.61332300860318,1
52 HILDEN DR,2,2,11,HALIFAX,PRIVATE,0,0.0,2,2,1,47,2026-01-22,HILDEN DR,12090270,168,44.602263006964364,-63.61337700633491,2
1874 SELDON ST,2,2,9,HALIFAX,HRM,0,0.0,2,2,1,105,2026-03-24,SELDON ST,12090327,267,44.643537006887584,-63.5986620090909,10
79 TILBURY AVE,2,2,16,BEDFORD,HRM,0,0.0,2,2,1,0,2025-12-11,TILBURY AVE,12091018,2774,44.71015500652348,-63.699736510253146,5
82 OCHTERLONEY ST,2,2,5,DARTMOUTH,,0,0.0,2,2,1,118,2026-04-10,OCHTERLONEY ST,12090570,609,44.66750651632958,-63.567272083790435,15
2486 CREIGHTON ST,2,2,8,HALIFAX,HRM,0,0.0,2,2,1,248,2026-08-20,CREIGHTON ST,12090346,371,44.65534500132395,-63.59021550979925,5
213 PRINCE ST,2,2,15,LOWER SACKVILLE,HRM,0,0.0,2,2,1,34,2026-01-19,PRINCE ST,12090618,173,44.770149004429754,-63.67603500915725,1
40 BRULE ST,2,2,5,DARTMOUTH,HRM,0,0.0,2,2,1,3,2025-12-22,BRULE ST,12090215,273,44.68498200681128,-63.58470750760022,4
1697 BRUNSWICK ST,2,2,7,HALIFAX,,0,0.0,2,2,1,193,2026-07-08,BRUNSWICK ST,12090357,816,44.646507003570804,-63.576472508254504,7
33 TRAVERTINE CRT,2,2,11,HALIFAX,OTHER,0,0.0,2,2,1,41,2026-02-10,TRAVERTINE CRT,12090967,1143,44.605854004177246,-63.59852250885297,2
165 HIGGINS AVE,2,2,12,BEECHVILLE,HRM,0,0.0,2,2,1,9,2026-01-10,HIGGINS AVE,12090655,654,44.63958600120077,-63.67892400937112,3
10 PARKHILL RD,2,2,11,HALIFAX,HRM,0,0.0,0,0,1,0,2026-01-01,PARKHILL RD,12090731,150,44.624466004178146,-63.600876008853284,1
33 ROSEHURST CL,2,2,12,HALIFAX,HRM,0,0.0,2,2,1,122,2026-05-09,ROSEHURST CL,12090580,777,44.664975003401736,-63.67299300847104,3
58 KASSI LANE,2,2,3,DARTMOUTH,HRM,0,0.0,2,2,1,76,2026-03-30,KASSI LANE,12090407,388,44.66019600328471,-63.53364600920236,4
6318 PEPPERELL ST,2,2,9,HALIFAX,HRM,0,0.0,2,2,1,52,2026-03-13,PEPPERELL ST,12090327,267,44.64432900392207,-63.597951009681296,10
150 TRANSOM DR,2,2,16,HALIFAX,,0,0.0,2,2,1,35,2026-03-01,TRANSOM DR,12090523,611,44.69184000104778,-63.67883400716279,2
2321 CLIFTON ST,2,2,8,HALIFAX,,0,0.0,2,2,1,115,2026-05-22,CLIFTON ST,12090878,248,44.651088006576174,-63.593428505093264,3
208 NADIA DR,2,2,5,DARTMOUTH,HRM,0,0.0,2,2,1,0,2026-01-27,NADIA DR,12090220,565,44.6840640010316,-63.5933025073915,3
119 HAZELHOLME DR,2,2,10,HALIFAX,PRIVATE,0,0.0,2,2,1,0,2026-02-04,HAZELHOLME DR,12090540,207,44.660988002621025,-63.65105551142593,2
115 PINECREST DR,2,2,5,DARTMOUTH,HRM,0,0.0,2,2,1,42,2026-03-24,PINECREST DR,12090215,273,44.6851080069701,-63.58650300629145,4
2737 FULLER TERR,2,2,8,HALIFAX,HRM,0,0.0,2,2,1,94,2026-05-19,FULLER TERR,12090349,206,44.65827000345983,-63.5952690091164,3
91 INSPECTOR CRT,2,2,11,HALIFAX,HRM,0,0.0,2,2,1,1,2026-02-15,INSPECTOR CRT,12090896,329,44.60998500523252,-63.61505100788394,2
2655 KING ST,2,2,8,HALIFAX,HRM,0,0.0,2,2,1,5,2026-02-24,KING ST,12090337,753,44.65502100258831,-63.59647950802237,8
10 CRYSTAL DR,2,2,5,DARTMOUTH,,0,0.0,2,2,1,28,2026-03-18,CRYSTAL DR,12090195,299,44.68671900674531,-63.58279951288594,1
861 BRIDGES ST,2,2,7,HALIFAX,HRM,0,0.0,2,2,1,3,2026-02-23,BRIDGES ST,12090292,140,44.6312340071062,-63.57649951101655,2
38 ALFRED ST,2,2,5,DARTMOUTH,PRIVATE,0,0.0,1,1,1,0,2026-02-20,ALFRED ST,12090211,178,44.68131000499196,-63.58842901222717,2
36 OAKVALE CRT,2,2,12,TIMBERLEA,PRIVATE,0,0.0,0,0,1,7,2026-03-01,OAKVALE CRT,12090652,266,44.6515380061725,-63.736942510487815,1
16 CAPRI CRT,2,2,6,DARTMOUTH,HRM,0,0.0,2,2,1,2,2026-03-01,CAPRI CRT,12090134,238,44.69748300637636,-63.54049050691499,1
6432 QUINPOOL RD,2,2,9,HALIFAX,HRM,0,0.0,2,2,1,10,2026-03-13,QUINPOOL RD,12090326,228,44.64415800266147,-63.60107401257856,1
23 ALABASTER WAY,2,2,11,HALIFAX,HRM,0,0.0,2,2,1,183,2026-09-02,ALABASTER WAY,12090967,1143,44.610669006137954,-63.6048990121094,2
84 LAKECREST DR,2,2,6,DARTMOUTH,,0,0.0,1,1,1,71,2026-05-15,LAKECREST DR,12090161,213,44.68308300407395,-63.536463009152754,1
24 KING ST,2,2,5,DARTMOUTH,HRM,0,0.0,1,1,1,19,2026-03-24,KING ST,12090570,609,44.665164004910054,-63.56564550879683,15
1158 DALHOUSIE ST,2,2,7,HALIFAX,,0,0.0,2,1,1,0,2026-03-07,DALHOUSIE ST,12090280,238,44.6336910030719,-63.59364000664803,1
1875 BARRINGTON ST,2,2,7,HALIFAX,HRM,0,0.0,2,2,1,165,2026-08-22,BARRINGTON ST,12090357,816,44.649747004190075,-63.57495600828927,7
2415 MAYNARD ST,2,2,8,HALIFAX,,0,0.0,2,2,1,104,2026-06-24,MAYNARD ST,12090346,371,44.65410300621599,-63.58899601086829,5
2098 BEECH ST,2,2,9,HALIFAX,HRM,0,0.0,2,2,1,159,2026-08-18,BEECH ST,12090875,197,44.645697006330636,-63.60323401167952,1
3659 ROBIE ST,2,2,8,HALIFAX,HRM,0,0.0,2,2,1,42,2026-04-26,ROBIE ST,12090227,216,44.66722500265598,-63.613017006484746,2
43 KASSI LANE,2,2,3,DARTMOUTH,HRM,0,0.0,2,2,1,41,2026-04-28,KASSI LANE,12090407,388,44.66009700260696,-63.53422650952219,4
6220 DUNCAN ST,2,2,9,HALIFAX,PRIVATE,0,0.0,2,2,1,16,2026-04-05,DUNCAN ST,12090872,217,44.649000003410634,-63.59777550775276,4
2018 KLINE ST,2,2,9,HALIFAX,,0,0.0,1,1,1,0,2026-03-27,KLINE ST,12090873,230,44.64456300354894,-63.601578012368776,1
5640 ALMON ST,2,2,8,HALIFAX,,0,0.0,2,2,1,51,2026-05-31,ALMON ST,12090355,678,44.65888200375659,-63.59630401231813,7
10 COLDSTREAM RUN,2,2,3,DARTMOUTH,HRM,0,0.0,1,1,1,7,2026-04-22,COLDSTREAM RUN,12091004,361,44.666208006397966,-63.529803007433216,1
32 LOWTHER LANE,2,2,16,BEDFORD,HRM,0,0.0,2,2,1,0,2026-04-29,LOWTHER LANE,12091018,2774,44.716203006272025,-63.70263901185231,5
2113 WINDSOR ST,2,2,8,HALIFAX,HRM,0,0.0,2,2,1,76,2026-07-18,WINDSOR ST,12090869,393,44.6481965867311,-63.592699773159765,7
PARKHILL RD,2,2,11,HALIFAX,,0,0.0,0,0,1,0,2026-05-03,PARKHILL RD,12090730,146,44.6264263333679,-63.59880034964468,2
6027 WILLIAMS ST,2,2,8,HALIFAX,HRM,0,0.0,2,1,1,8,2026-05-13,WILLIAMS ST,12090869,393,44.649585004602756,-63.59251500828072,7
45 ALDERNEY DR,2,2,5,DARTMOUTH,HRM,0,0.0,2,2,1,77,2026-07-22,ALDERNEY DR,12090570,609,44.66548800606208,-63.56902050626919,15
204 CAPSTONE CRES,2,2,16,BEDFORD,HRM,0,0.0,2,1,1,3,2026-05-10,CAPSTONE CRES,12091018,2774,44.718390005743146,-63.705492007296144,5
6565 YOUNG ST,2,2,9,HALIFAX,PRIVATE,0,0.0,2,2,1,79,2026-07-28,YOUNG ST,12090478,201,44.65205100631016,-63.6132150131397,1
5852 LIVINGSTONE ST,2,2,8,HALIFAX,,0,0.0,2,2,1,0,2026-05-13,LIVINGSTONE ST,12090852,235,44.66178000404861,-63.60324301082615,5
18 MEADOW GREEN WALK,2,2,11,HALIFAX,FEDERAL,0,0.0,2,2,1,82,2026-08-18,MEADOW GREEN WALK,12090271,155,44.60065200112774,-63.61264350495587,1
7 HILLCREST ST,2,2,10,HALIFAX,,0,0.0,1,1,1,42,2026-07-17,HILLCREST ST,12090486,217,44.65157400420003,-63.63981900655817,1
86 HAZELHOLME DR,2,2,10,HALIFAX,HRM,0,0.0,2,2,1,0,2026-06-06,HAZELHOLME DR,12090540,207,44.662113001086425,-63.650110510696365,2
93 KASSI LANE,2,2,3,DARTMOUTH,HRM,0,0.0,2,2,1,76,2026-08-26,KASSI LANE,12090407,388,44.65949400470333,-63.533187006024725,4
5532 KAYE ST,2,2,8,HALIFAX,HRM,0,0.0,2,1,1,0,2026-06-11,KAYE ST,12090351,779,44.661762004529635,-63.59878350754306,9
22 COLE DR,2,2,4,COLE HARBOUR,,0,0.0,1,1,1,1,2026-06-22,COLE DR,12090890,490,44.676540004255116,-63.47893500614757,1
913 BRUSSELS ST,2,2,7,HALIFAX,HRM,0,0.0,2,1,1,0,2026-06-22,BRUSSELS ST,12090291,289,44.63335800279076,-63.572607010462306,6
31 SASKATOON DR,2,2,10,HALIFAX,PRIVATE,0,0.0,2,1,1,0,2026-06-22,SASKATOON DR,12090655,654,44.68837500573514,-63.68684850663423,3
8B MOUNT HOPE AVE,2,2,3,DARTMOUTH,HRM,0,0.0,2,2,1,1,2026-07-04,MOUNT HOPE AVE,12090371,242,44.652519006737975,-63.543960007155256,1
23 SYMONDS ST,2,2,5,DARTMOUTH,,0,0.0,2,2,1,55,2026-08-30,SYMONDS ST,12090212,200,44.676099001157496,-63.58431151225662,1
144 GREEN VILLAGE LANE,2,2,3,DARTMOUTH,,0,0.0,2,1,1,62,2026-09-06,GREEN VILLAGE LANE,12090406,549,44.667270004881814,-63.53689950918847,2
8 GLENWOOD AVE,2,2,6,DARTMOUTH,PRIVATE,0,0.0,2,2,1,38,2026-08-15,GLENWOOD AVE,12090165,217,44.67845700435383,-63.55057051027447,3
515 CONRADS RD,2,2,13,QUEENSLAND,,0,0.0,2,2,1,24,2026-08-05,CONRADS RD,12090677,330,44.63371800408946,-64.03122900825073,1
6 VIMY AVE,2,2,10,HALIFAX,OTHER,0,0.0,2,2,1,30,2026-08-11,VIMY AVE,12090502,655,44.66268000619806,-63.63191701209294,1
5816 COGSWELL ST,2,2,7,HALIFAX,,0,0.0,2,2,1,0,2026-07-12,COGSWELL ST,12090934,335,44.648082003102644,-63.588231007211874,4
3198 ASHBURN AVE,2,2,9,HALIFAX,,0,0.0,2,1,1,0,2026-07-31,ASHBURN AVE,12090241,204,44.65116000417939,-63.62853750885714,2
2110 BAUER ST,2,2,8,HALIFAX,HRM,0,0.0,2,2,1,27,2026-09-02,BAUER ST,12090358,350,44.650728003107076,-63.58580100882942,5
49 CIRCLE DR,2,2,11,HALIFAX,PRIVATE,0,0.0,2,1,1,0,2026-08-07,CIRCLE DR,12090262,295,44.622612005568584,-63.615789009822564,1
6243 WATT ST,2,2,7,HALIFAX,,0,0.0,2,2,1,0,2026-08-08,WATT ST,12090329,241,44.63986950405315,-63.59481675804214,1
76 VIRIDIAN DR,2,2,5,DARTMOUTH,,0,0.0,2,2,1,8,2026-08-23,VIRIDIAN DR,12090185,929,44.68909500274654,-63.566163010265775,1
189 NADIA DR,2,2,5,DARTMOUTH,HRM,0,0.0,2,2,1,20,2026-09-11,NADIA DR,12090220,565,44.68430700585574,-63.594153005353164,3
30 GLENWOOD AVE,2,2,6,DARTMOUTH,HRM,0,0.0,2,2,1,8,2026-09-01,GLENWOOD AVE,12090165,217,44.67739500591384,-63.54905851233197,3
46 BRAEMOUNT DR,2,2,10,HALIFAX,HRM,0,0.0,2,2,1,10,2026-09-06,BRAEMOUNT DR,12090542,326,44.66412000378739,-63.65042550495079,1
6 MIDDLE ST,2,2,5,DARTMOUTH,PRIVATE,0,0.0,2,1,1,0,2026-09-01,MIDDLE ST,12090209,253,44.677053006764254,-63.59229900837062,1
2315 CLIFTON ST,2,2,8,HALIFAX,HRM,0,0.0,2,2,1,0,2026-09-03,CLIFTON ST,12090878,248,44.65100700551113,-63.59341951295726,3
5543 BLOOMFIELD ST,2,62,8,HALIFAX,HRM,2,0.03225806451612903,61,57,60,13,2025-11-02,BLOOMFIELD ST,12090355,678,44.65901661653206,-63.59538143353805,7
2583 KLINE ST,2,16,9,HALIFAX,HRM,1,0.0625,14,14,15,138,2026-03-19,KLINE ST,12090874,223,44.64818481304013,-63.60295388104127,2
1055 LUCKNOW ST,2,16,7,HALIFAX,HRM,1,0.0625,14,14,14,99,2026-02-01,LUCKNOW ST,12090864,389,44.635984062194794,-63.57465900672958,1
2430 AGRICOLA ST,2,20,8,HALIFAX,HRM,2,0.1,19,19,18,64,2026-09-02,AGRICOLA ST,12090340,379,44.653273554735875,-63.59080183120213,8
1615 EDWARD ST,2,38,7,HALIFAX,HRM,4,0.10526315789473684,37,37,37,27,2026-05-28,EDWARD ST,12090333,232,44.6413651471473,-63.588440277100844,2
6282 YOUNG ST,2,8,9,HALIFAX,HRM,1,0.125,8,8,6,57,2026-01-23,YOUNG ST,12090476,340,44.65593000318668,-63.60710850838254,2
1584 ROBIE ST,2,23,7,HALIFAX,HRM,3,0.13043478260869565,23,22,20,56.5,2026-05-22,ROBIE ST,12090333,232,44.64193572352232,-63.58798760704596,2
958 SOUTH BLAND ST,2,7,7,HALIFAX,HRM,1,0.14285714285714285,7,7,5,181.5,2026-07-11,SOUTH BLAND ST,12090291,289,44.63436466191095,-63.57241761128071,6
5666 KANE ST,2,6,8,HALIFAX,HRM,1,0.16666666666666666,6,6,3,318,2026-07-14,KANE ST,12090852,235,44.66195952117366,-63.60154490945056,5
3877 KENCREST AVE,2,6,8,HALIFAX,HRM,1,0.16666666666666666,5,5,3,255,2026-02-08,KENCREST AVE,12090223,371,44.67362389060088,-63.613489107099234,1
6334 NORWOOD ST,2,6,9,HALIFAX,HRM,1,0.16666666666666666,6,5,4,136,2026-01-15,NORWOOD ST,12090327,267,44.64305199012662,-63.597887257074,10
5284 SOUTH ST,2,32,7,HALIFAX,HRM,6,0.1875,27,26,30,43,2025-12-08,SOUTH ST,12090298,422,44.63932974379986,-63.57261716303794,1
6037 FRASER ST,2,4,7,HALIFAX,HRM,1,0.25,4,4,2,203,2026-04-30,FRASER ST,12090281,250,44.635517823680644,-63.585480894177884,5
2287 BRUNSWICK ST,2,7,8,HALIFAX,HRM,2,0.2857142857142857,7,7,5,118.5,2026-08-23,BRUNSWICK ST,12090343,937,44.65461930658091,-63.58368615905465,4
2513 AGRICOLA ST,2,3,8,HALIFAX,HRM,1,0.3333333333333333,3,3,1,1159.0,2026-07-16,AGRICOLA ST,12090340,379,44.65445400405693,-63.592020009609634,8
1525 BIRMINGHAM ST,2,3,7,HALIFAX,HRM,1,0.3333333333333333,3,3,1,856.5,2026-03-21,BIRMINGHAM ST,12090855,768,44.64367301665803,-63.57731448959187,6
46 QUEEN ST,2,3,5,DARTMOUTH,HRM,1,0.3333333333333333,3,3,2,185.5,2025-10-30,QUEEN ST,12090570,609,44.66629800101944,-63.56706750595917,15
2470 AGRICOLA ST,2,3,8,HALIFAX,HRM,1,0.3333333333333333,2,2,2,164.0,2025-12-02,AGRICOLA ST,12090340,379,44.65384200103702,-63.59160151146816,8
6385 LIVERPOOL ST,2,5,9,HALIFAX,HRM,2,0.4,5,4,2,308.5,2026-08-03,LIVERPOOL ST,12090477,244,44.653608006633306,-63.60814351132043,4
6317 DUNCAN ST,2,2,9,HALIFAX,,1,0.5,2,2,1,7,2025-10-31,DUNCAN ST,12090872,217,44.64861300390319,-63.60056101166918,4
5880 GORSEBROOK AVE,2,2,7,HALIFAX,HRM,1,0.5,2,2,1,195,2026-06-09,GORSEBROOK AVE,12090293,223,44.6296050030727,-63.57967651081712,3
53 CRANBERRY CRES,2,2,6,DARTMOUTH,HRM,1,0.5,2,2,1,243,2026-08-31,CRANBERRY CRES,12090415,203,44.683353004717674,-63.502191005451124,1
6313 LAWRENCE ST,2,2,9,HALIFAX,HRM,1,0.5,2,2,1,84,2026-07-24,LAWRENCE ST,12090872,217,44.64801900646356,-63.600169507902,4
